,0
0,/ShowUserReviews-g60745-d89615-r357488939-Taj_Boston-Boston_Massachusetts.html#CHECK_RATES_CONT
1,/ShowUserReviews-g60745-d217550-r356816590-DoubleTree_by_Hilton_Hotel_Boston_Downtown-Boston_Massachusetts.html#CHECK_RATES_CONT
2,/ShowUserReviews-g60745-d220216-r349646225-Beacon_Hill_Hotel_and_Bistro-Boston_Massachusetts.html#CHECK_RATES_CONT
3,/ShowUserReviews-g60745-d89568-r356817722-Chandler_Inn-Boston_Massachusetts.html#CHECK_RATES_CONT
4,/ShowUserReviews-g60745-d225873-r352387745-Charlesmark_Hotel-Boston_Massachusetts.html#CHECK_RATES_CONT
5,/ShowUserReviews-g60745-d222958-r355365182-Comfort_Inn_Boston-Boston_Massachusetts.html#CHECK_RATES_CONT
6,/ShowUserReviews-g60745-d222955-r357346876-The_Ritz_Carlton_Boston-Boston_Massachusetts.html#CHECK_RATES_CONT
7,/ShowUserReviews-g60745-d89575-r357074788-Boston_Harbor_Hotel-Boston_Massachusetts.html#CHECK_RATES_CONT
8,/ShowUserReviews-g60745-d89617-r357415127-The_Westin_Copley_Place-Boston_Massachusetts.html#CHECK_RATES_CONT
9,/ShowUserReviews-g60745-d1513541-r357240406-Ames_Boston_Hotel-Boston_Massachusetts.html#CHECK_RATES_CONT
10,/ShowUserReviews-g60745-d89600-r357441558-Revere_Hotel_Boston_Common-Boston_Massachusetts.html#CHECK_RATES_CONT
11,/ShowUserReviews-g60745-d1486034-r357410245-W_Boston-Boston_Massachusetts.html#CHECK_RATES_CONT
12,/ShowUserReviews-g60745-d678412-r357465068-Renaissance_Boston_Waterfront_Hotel-Boston_Massachusetts.html#CHECK_RATES_CONT
13,/ShowUserReviews-g60745-d77638-r353720281-The_Inn_at_Longwood_Medical-Boston_Massachusetts.html#CHECK_RATES_CONT
14,/ShowUserReviews-g60745-d94368-r356466715-DoubleTree_Club_by_Hilton_Hotel_Boston_Bayside-Boston_Massachusetts.html#CHECK_RATES_CONT
15,/ShowUserReviews-g60745-d111434-r357171967-Newbury_Guest_House-Boston_Massachusetts.html#CHECK_RATES_CONT
16,/ShowUserReviews-g60745-d8316858-r357430646-The_Godfrey_Hotel_Boston-Boston_Massachusetts.html#CHECK_RATES_CONT
17,/ShowUserReviews-g60745-d89585-r357158423-Four_Seasons_Hotel_Boston-Boston_Massachusetts.html#CHECK_RATES_CONT
18,/ShowUserReviews-g60745-d114134-r357448277-Lenox_Hotel-Boston_Massachusetts.html#CHECK_RATES_CONT
19,/ShowUserReviews-g60745-d222957-r357117183-BEST_WESTERN_PLUS_Roundhouse_Suites-Boston_Massachusetts.html#CHECK_RATES_CONT
20,/ShowUserReviews-g60745-d89620-r356091766-Hyatt_Regency_Boston_Harbor-Boston_Massachusetts.html#CHECK_RATES_CONT
21,/ShowUserReviews-g60745-d234752-r357177865-Nine_Zero_Hotel_a_Kimpton_Hotel-Boston_Massachusetts.html#CHECK_RATES_CONT
22,/ShowUserReviews-g60745-d111421-r357162005-Copley_Square_Hotel-Boston_Massachusetts.html#CHECK_RATES_CONT
23,/ShowUserReviews-g60745-d114149-r356952078-The_Langham_Boston-Boston_Massachusetts.html#CHECK_RATES_CONT
24,/ShowUserReviews-g60745-d121009-r357019043-Holiday_Inn_Express_Boston-Boston_Massachusetts.html#CHECK_RATES_CONT
25,/ShowUserReviews-g60745-d8145466-r357171878-Aloft_Boston_Seaport-Boston_Massachusetts.html#CHECK_RATES_CONT
26,/ShowUserReviews-g60745-d4325990-r356901686-Residence_Inn_Boston_Back_Bay_Fenway-Boston_Massachusetts.html#CHECK_RATES_CONT
27,/ShowUserReviews-g60745-d89599-r357440165-Omni_Parker_House-Boston_Massachusetts.html#CHECK_RATES_CONT
28,/ShowUserReviews-g60745-d111416-r357347832-Boston_Marriott_Copley_Place-Boston_Massachusetts.html#CHECK_RATES_CONT
29,/ShowUserReviews-g60745-d89602-r357347370-Sheraton_Boston_Hotel-Boston_Massachusetts.html#CHECK_RATES_CONT
30,/ShowUserReviews-g60745-d217148-r356609307-Ramada_Boston-Boston_Massachusetts.html#CHECK_RATES_CONT
31,/ShowUserReviews-g60745-d320038-r357205594-Hampton_Inn_Suites_Boston_Crosstown_Center-Boston_Massachusetts.html#CHECK_RATES_CONT
32,/ShowUserReviews-g60745-d1136705-r357121199-Mandarin_Oriental_Boston-Boston_Massachusetts.html#CHECK_RATES_CONT
33,/ShowUserReviews-g60745-d620703-r357260610-InterContinental_Boston-Boston_Massachusetts.html#CHECK_RATES_CONT
34,/ShowUserReviews-g60745-d94399-r357419684-Club_Quarters_Hotel_in_Boston-Boston_Massachusetts.html#CHECK_RATES_CONT
35,/ShowUserReviews-g60745-d8142646-r357357203-Hilton_Garden_Inn_Boston_Logan_Airport-Boston_Massachusetts.html#CHECK_RATES_CONT
36,/ShowUserReviews-g60745-d555224-r357446662-Courtyard_Boston_South_Boston-Boston_Massachusetts.html#CHECK_RATES_CONT
37,/ShowUserReviews-g60745-d268206-r351829145-The_Boston_Common_Hotel_and_Conference_Center-Boston_Massachusetts.html#CHECK_RATES_CONT
38,/ShowUserReviews-g60745-d8145467-r354803951-Element_Boston_Seaport-Boston_Massachusetts.html#CHECK_RATES_CONT
39,/ShowUserReviews-g60745-d111422-r357057066-DoubleTree_Suites_by_Hilton_Boston_Cambridge-Boston_Massachusetts.html#CHECK_RATES_CONT
40,/ShowUserReviews-g60745-d6485213-r357310169-The_Verb_Hotel-Boston_Massachusetts.html#CHECK_RATES_CONT
41,/ShowUserReviews-g60745-d120988-r357205906-Hilton_Boston_Logan_Airport-Boston_Massachusetts.html#CHECK_RATES_CONT
42,/ShowUserReviews-g60745-d4232689-r356607315-Residence_Inn_Boston_Downtown_Seaport-Boston_Massachusetts.html#CHECK_RATES_CONT
43,/ShowUserReviews-g60745-d94337-r357117298-XV_Beacon-Boston_Massachusetts.html#CHECK_RATES_CONT
44,/ShowUserReviews-g60745-d89592-r357268809-Milner_Hotel-Boston_Massachusetts.html#CHECK_RATES_CONT
45,/ShowUserReviews-g60745-d499916-r356909435-The_Boxer_Boston-Boston_Massachusetts.html#CHECK_RATES_CONT
46,/ShowUserReviews-g60745-d94363-r357150405-Courtyard_by_Marriott_Boston_Logan_Airport-Boston_Massachusetts.html#CHECK_RATES_CONT
47,/ShowUserReviews-g60745-d94330-r357047015-Seaport_Boston_Hotel-Boston_Massachusetts.html#CHECK_RATES_CONT
48,/ShowUserReviews-g60745-d647006-r357368318-The_Liberty_Hotel-Boston_Massachusetts.html#CHECK_RATES_CONT
49,/ShowUserReviews-g60745-d216999-r337048308-Americas_Best_Value_Inn-Boston_Massachusetts.html#CHECK_RATES_CONT
50,/ShowUserReviews-g60745-d595373-r357464318-The_Westin_Boston_Waterfront-Boston_Massachusetts.html#CHECK_RATES_CONT
51,/ShowUserReviews-g60745-d321151-r357349751-Loews_Boston_Hotel-Boston_Massachusetts.html#CHECK_RATES_CONT
52,/ShowUserReviews-g60745-d3225572-r357181170-EnVision_Hotel_Boston-Boston_Massachusetts.html#CHECK_RATES_CONT
53,/ShowUserReviews-g60745-d94326-r355528944-Hilton_Boston_Downtown_Faneuil_Hall-Boston_Massachusetts.html#CHECK_RATES_CONT
54,/ShowUserReviews-g60745-d8112658-r357441536-The_Envoy_Hotel_Autograph_Collection-Boston_Massachusetts.html#CHECK_RATES_CONT
55,/ShowUserReviews-g60745-d258705-r357354649-Hotel_Commonwealth-Boston_Massachusetts.html#CHECK_RATES_CONT
56,/ShowUserReviews-g60745-d94367-r357038059-Harborside_Inn-Boston_Massachusetts.html#CHECK_RATES_CONT
57,/ShowUserReviews-g60745-d268205-r357437906-Embassy_Suites_by_Hilton_Boston_at_Logan_Airport-Boston_Massachusetts.html#CHECK_RATES_CONT
58,/ShowUserReviews-g60745-d111417-r357046655-Boston_Marriott_Long_Wharf-Boston_Massachusetts.html#CHECK_RATES_CONT
59,/ShowUserReviews-g60745-d549445-r357225608-Hotel_140-Boston_Massachusetts.html#CHECK_RATES_CONT
60,/ShowUserReviews-g60745-d111418-r357113371-Boston_Park_Plaza-Boston_Massachusetts.html#CHECK_RATES_CONT
61,/ShowUserReviews-g60745-d94350-r357354113-The_Midtown_Hotel-Boston_Massachusetts.html#CHECK_RATES_CONT
62,/ShowUserReviews-g60745-d126058-r357107224-Constitution_Inn-Boston_Massachusetts.html#CHECK_RATES_CONT
63,/ShowUserReviews-g60745-d77629-r357484466-BEST_WESTERN_University_Hotel_Boston_Brighton-Boston_Massachusetts.html#CHECK_RATES_CONT
64,/ShowUserReviews-g60745-d94344-r356760119-Marriott_s_Custom_House-Boston_Massachusetts.html#CHECK_RATES_CONT
65,/ShowUserReviews-g60745-d111428-r356394362-Hilton_Boston_Back_Bay-Boston_Massachusetts.html#CHECK_RATES_CONT
66,/ShowUserReviews-g60745-d268207-r357005692-Residence_Inn_by_Marriott_Boston_Harbor_on_Tudor_Wharf-Boston_Massachusetts.html#CHECK_RATES_CONT
67,/ShowUserReviews-g60745-d287606-r355246682-Onyx_Hotel_a_Kimpton_Hotel-Boston_Massachusetts.html#CHECK_RATES_CONT
68,/ShowUserReviews-g60745-d114150-r356216971-The_Bostonian_Boston-Boston_Massachusetts.html#CHECK_RATES_CONT
69,/ShowUserReviews-g60745-d120977-r357418560-Copley_House-Boston_Massachusetts.html#CHECK_RATES_CONT
70,/ShowUserReviews-g60745-d313573-r357301444-Courtyard_by_Marriott_Boston_Copley_Square-Boston_Massachusetts.html#CHECK_RATES_CONT
71,/ShowUserReviews-g60745-d1159285-r356511723-The_Inn_At_St_Botolph-Boston_Massachusetts.html#CHECK_RATES_CONT
72,/ShowUserReviews-g60745-d1138709-r357123586-Holiday_Inn_Express_Hotel_Suites_Boston_Garden-Boston_Massachusetts.html#CHECK_RATES_CONT
73,/ShowUserReviews-g60745-d111423-r357364089-Eliot_Hotel-Boston_Massachusetts.html#CHECK_RATES_CONT
74,/ShowUserReviews-g60745-d94372-r357397813-Boston_Hotel_Buckminster-Boston_Massachusetts.html#CHECK_RATES_CONT
75,/ShowUserReviews-g60745-d89619-r355939435-Courtyard_Boston_Downtown-Boston_Massachusetts.html#CHECK_RATES_CONT
76,/ShowUserReviews-g60745-d111444-r356823391-Fairmont_Copley_Plaza_Boston-Boston_Massachusetts.html#CHECK_RATES_CONT
77,/ShowUserReviews-g60745-d94371-r357171105-Colonnade_Hotel-Boston_Massachusetts.html#CHECK_RATES_CONT
78,/ShowUserReviews-g60745-d1201116-r357357469-Battery_Wharf_Hotel_Boston_Waterfront-Boston_Massachusetts.html#CHECK_RATES_CONT
